{"cameraMode":{"drawMode":0,"name":"Shaded","section":"Shading Mode"},"sceneLighting":true,"audioPlay":false,"sceneViewState":{"m_AlwaysRefresh":false,"showFog":true,"showSkybox":true,"showFlares":true,"showImageEffects":true,"showParticleSystems":true,"showVisualEffectGraphs":true,"m_FxEnabled":true},"in2DMode":false,"pivot":{"x":0.03369331359863281,"y":-0.44148874282836916,"z":0.2913675308227539},"rotation":{"x":-0.09556196630001068,"y":0.8928496837615967,"z":-0.22589996457099915,"w":-0.37770038843154909},"size":6.904728889465332,"orthographic":false}